<?xml version="1.0" encoding="UTF-8"?>
<project-private xmlns="http://www.netbeans.org/ns/project-private/1">
    <editor-bookmarks xmlns="http://www.netbeans.org/ns/editor-bookmarks/2" lastBookmarkId="0"/>
    <open-files xmlns="http://www.netbeans.org/ns/projectui-open-files/2">
        <group>
            <file>file:/C:/Users/SAMSUNG/Desktop/Sueca/Sueca/src/ismt/application/scene/PlayersScene.java</file>
            <file>file:/C:/Users/SAMSUNG/Desktop/Sueca/Sueca/src/ismt/application/engine/CardGame.java</file>
            <file>file:/C:/Users/SAMSUNG/Desktop/Sueca/Sueca/src/ismt/application/engine/Card.java</file>
            <file>file:/C:/Users/SAMSUNG/Desktop/Sueca/Sueca/src/ismt/application/scene/SuecaScene.java</file>
        </group>
    </open-files>
</project-private>
