{"startPlayer":1,"trunfo":{"cardRank":11,"cardSuit":"diamonds","cardPoints":2,"positionX":2,"positionY":0},"teams":[{"name":"Equipa 1","players":[{"name":"Equipa 1 Jogador 1","cardDeck":[{"cardRank":1,"cardSuit":"spades","cardPoints":11,"positionX":0,"positionY":0},{"cardRank":6,"cardSuit":"diamonds","cardPoints":0,"positionX":0,"positionY":0},{"cardRank":6,"cardSuit":"hearts","cardPoints":0,"positionX":0,"positionY":0},{"cardRank":3,"cardSuit":"clubs","cardPoints":0,"positionX":0,"positionY":0}]},{"name":"Equipa 1 Jogador 2","cardDeck":[{"cardRank":11,"cardSuit":"diamonds","cardPoints":2,"positionX":0,"positionY":0},{"cardRank":12,"cardSuit":"hearts","cardPoints":3,"positionX":0,"positionY":0},{"cardRank":5,"cardSuit":"hearts","cardPoints":0,"positionX":0,"positionY":0},{"cardRank":11,"cardSuit":"hearts","cardPoints":2,"positionX":0,"positionY":0}]}],"points":48},{"name":"Equipa 2","players":[{"name":"Equipa 2 Jogador 1","cardDeck":[{"cardRank":7,"cardSuit":"hearts","cardPoints":10,"positionX":0,"positionY":0},{"cardRank":12,"cardSuit":"clubs","cardPoints":3,"positionX":0,"positionY":0},{"cardRank":4,"cardSuit":"hearts","cardPoints":0,"positionX":0,"positionY":0},{"cardRank":3,"cardSuit":"hearts","cardPoints":0,"positionX":0,"positionY":0}]},{"name":"Equipa 2 Jogador 2","cardDeck":[{"cardRank":2,"cardSuit":"hearts","cardPoints":0,"positionX":0,"positionY":0},{"cardRank":6,"cardSuit":"spades","cardPoints":0,"positionX":0,"positionY":0},{"cardRank":11,"cardSuit":"spades","cardPoints":2,"positionX":0,"positionY":0},{"cardRank":13,"cardSuit":"spades","cardPoints":4,"positionX":0,"positionY":0}]}],"points":35}],"playedCards":[{"cardRank":12,"cardSuit":"diamonds","cardPoints":3,"positionX":0,"positionY":2},{"cardRank":1,"cardSuit":"diamonds","cardPoints":11,"positionX":1,"positionY":3},{"cardRank":3,"cardSuit":"diamonds","cardPoints":0,"positionX":2,"positionY":0},{"cardRank":13,"cardSuit":"hearts","cardPoints":4,"positionX":3,"positionY":1}]}